product_name,product_price
"Xiaomi Black Shark Premium Tempered Glass Screen Protector
",35.9
"Xiaomi Black Shark 4 Premium Tempered Glass Screen Protector
",30.9
"Xiaomi Poco F3 Premium Tempered Glass Screen Protector
",30.9
"Xiaomi Mi 11 Premium Tempered Glass Screen Protector
",30.9
"Xiaomi Black Shark 4 Pro Premium Tempered Glass Screen Protector
",30.9
"Xiaomi Mi 11 Lite Premium Tempered Glass Screen Protector
",30.9
"Xiaomi Mi 11 Ultra Premium Tempered Glass Screen Protector
",30.9
"Xiaomi Redmi Note 10 Premium Tempered Glass Screen Protector
",30.9
"Xiaomi Redmi Note 10 Pro Premium Tempered Glass Screen Protector
",30.9
"Xiaomi Poco X3 Pro Premium Tempered Glass Screen Protector
",30.9
"Xiaomi Redmi 9T Premium Tempered Glass Screen Protector
",32.9
"Xiaomi Pocophone F1 Premium Tempered Glass Screen Protector
",30.9
"Xiaomi Mi 8 SE Premium Tempered Glass Screen Protector
",32.9
"Xiaomi Mi Pad Premium Tempered Glass Screen Protector
",50.9
"Xiaomi Redmi 5A Premium Tempered Glass Screen Protector
",30.9
"Xiaomi Redmi 4 Prime Premium Tempered Glass Screen Protector
",30.9
"Xiaomi Mi 4S Premium Tempered Glass Screen Protector
",30.9
"Xiaomi Mi A1 Premium Tempered Glass Screen Protector
",30.9
"Xiaomi Redmi 4A Premium Tempered Glass Screen Protector
",30.9
"Xiaomi Mi 6 Premium Tempered Glass Screen Protector
",30.9
"Xiaomi Mi 8 Premium Tempered Glass Screen Protector
",30.9
"Xiaomi Redmi S2 Premium Tempered Glass Screen Protector
",30.9
"Xiaomi Redmi 6A Premium Tempered Glass Screen Protector
",30.9
"Xiaomi Mi4C Premium Tempered Glass Screen Protector
",30.9
"Xiaomi Mi Pad 2 Premium Tempered Glass Screen Protector
",50.9
"Xiaomi Mi Pad 3 Premium Tempered Glass Screen Protector
",50.9
"Xiaomi Mi5 Premium Tempered Glass Screen Protector
",30.9
"Xiaomi Mi 5S Premium Tempered Glass Screen Protector
",30.9
"Xiaomi Mi 8 Pro Premium Tempered Glass Screen Protector
",32.9
"Xiaomi Mi 3S Premium Tempered Glass Screen Protector
",30.9
"Xiaomi Redmi Note 7 Premium Tempered Glass Screen Protector
",30.9
"Xiaomi Mi Mix 2 Premium Tempered Glass Screen Protector
",32.9
"Xiaomi Redmi 5 Premium Tempered Glass Screen Protector
",30.9
"Xiaomi Redmi 6 Premium Tempered Glass Screen Protector
",30.9
"Xiaomi Mi Note Premium Tempered Glass Screen Protector
",30.9
"Xiaomi Mi4 Premium Tempered Glass Screen Protector
",30.9
"Xiaomi Redmi 4 Premium Tempered Glass Screen Protector
",30.9
"Xiaomi Mi Play Premium Tempered Glass Screen Protector
",30.9
"Xiaomi Mi Max Premium Tempered Glass Screen Protector
",32.9
"Xiaomi Redmi Note Premium Tempered Glass Screen Protector
",30.9
"Xiaomi Redmi 6 Pro Premium Tempered Glass Screen Protector
",30.9
"Xiaomi Mi3 Premium Tempered Glass Screen Protector
",30.9
"Xiaomi Mi Mix Premium Tempered Glass Screen Protector
",30.9
"Xiaomi Redmi Pro Premium Tempered Glass Screen Protector
",30.9
"Xiaomi Redmi 3 Premium Tempered Glass Screen Protector
",30.9
"Xiaomi Mi 5C Premium Tempered Glass Screen Protector
",30.9
"Xiaomi Mi A2 Lite Premium Tempered Glass Screen Protector
",30.9
"Xiaomi Mi A2 Premium Tempered Glass Screen Protector
",30.9
"Xiaomi Mi Max 3 Premium Tempered Glass Screen Protector
",32.9
"Xiaomi Redmi Note 6 Premium Tempered Glass Screen Protector
",30.9
